{"bus": 0.402372, "flight": 0.249596, "train": 0.179122, "hotel": 0.100128, "taxi": 0.051968, "ship": 0.016814}